review_id,product_id,rating,date,summary,body,recommend,report,name,email,response,helpfulness
1,90083,2,Mon Feb 17 2020 16:29:35 GMT-0700 (Mountain Standard Time),Molestias illum debitis in facilis rerum pariatur.,Dolores quia iure aliquam praesentium qui et magni voluptatibus porro. Sit ullam provident harum facilis sed. Odio quo consequatur.,true,true,Kenny.Moen21,Milan.Jacobs@gmail.com,Cupiditate facere ipsum modi quo voluptates et laboriosam doloribus.,41795
2,16948,5,Mon Feb 17 2020 19:30:00 GMT-0700 (Mountain Standard Time),Nihil quia quisquam sint quae quia sed dolorem voluptas explicabo.,Perferendis nihil qui impedit quia natus architecto magni quam reprehenderit. Qui modi alias occaecati iure. A in ex vero optio amet. Harum vel voluptas. Eligendi molestiae aspernatur eum.,true,false,Madisyn15,Alexander_Zemlak@gmail.com,Accusamus libero maiores libero est ut mollitia.,53608
3,7349,1,Mon Feb 17 2020 16:50:07 GMT-0700 (Mountain Standard Time),Omnis dolore alias omnis sequi ducimus neque modi esse.,Consequuntur quae fugit consequuntur voluptas et. Sit laborum totam. Perspiciatis dolor repudiandae pariatur voluptas iusto. Eum et et magnam adipisci.,true,true,Marshall_Stroman,Pierre_Dach86@yahoo.com,Soluta a voluptas qui.,1515
4,9754,3,Mon Feb 17 2020 14:19:33 GMT-0700 (Mountain Standard Time),Aliquam voluptatum temporibus suscipit omnis debitis.,Recusandae voluptates dolore quidem recusandae vero corporis. Magnam id nihil. Aut id suscipit sed dolorem fuga quaerat esse velit.,false,false,Fred_Greenfelder,Jalen38@yahoo.com,Cupiditate iure alias sunt repellat autem veritatis.,98593
5,11292,2,Tue Feb 18 2020 02:05:36 GMT-0700 (Mountain Standard Time),Reiciendis aperiam hic sequi ex dicta architecto blanditiis repellendus.,Labore dolor sint ut ut eius maxime non dolor sint. Odio perspiciatis exercitationem eos est vel debitis eveniet. Enim fuga autem.,false,true,Fiona.Kris,Shawna.Hackett@yahoo.com,A accusantium animi odio praesentium quis nesciunt occaecati.,10797
6,56859,1,Mon Feb 17 2020 14:36:45 GMT-0700 (Mountain Standard Time),Nam et sunt facilis minima quia sit fugit corrupti.,Harum qui dolore voluptatibus et omnis. Nemo natus deserunt qui doloribus cum laudantium dolorem et. Quia dolor expedita. Quibusdam rem voluptatibus alias.,true,true,Verda76,Sabina0@yahoo.com,Eligendi quo eaque voluptate consectetur velit expedita fuga et.,55226
7,230,2,Tue Feb 18 2020 03:02:38 GMT-0700 (Mountain Standard Time),Sunt distinctio repellat aut.,Occaecati culpa eos. Ut delectus illum aut nulla dignissimos. Enim dolores eum. Incidunt eaque earum enim.,false,true,Lorine2,Kaitlyn44@hotmail.com,Natus earum perferendis officia sit possimus rerum unde incidunt.,10603
8,11106,3,Mon Feb 17 2020 19:03:54 GMT-0700 (Mountain Standard Time),Commodi quo excepturi ut nesciunt in ullam dolor.,Facere maxime omnis quis hic quasi voluptatem. Sunt molestiae veritatis quisquam error itaque. Qui expedita perferendis illo maxime aut omnis quasi ratione. Aut tempora eaque ut sint ad unde. Cupiditate fugiat animi delectus officia adipisci consequatur. Tenetur vel rerum dolor earum repellendus corrupti.,false,false,Valentin_Walsh,Roman_Blanda44@hotmail.com,Velit ea molestiae iste rerum excepturi.,16355
9,37934,1,Tue Feb 18 2020 05:00:55 GMT-0700 (Mountain Standard Time),Reiciendis temporibus nihil impedit atque dolor numquam non.,Numquam quas culpa unde vero minus accusantium. Voluptate facere suscipit fuga aut cum delectus et perspiciatis. Maxime sit porro occaecati. Aliquid inventore non ut ea ut qui.,true,false,Lowell46,Pedro_Zemlak@yahoo.com,Voluptatibus tempore rerum.,18878
10,93479,2,Mon Feb 17 2020 17:46:25 GMT-0700 (Mountain Standard Time),Laboriosam excepturi et sapiente omnis maiores cum.,Tempore culpa amet. Dolorem a rem quis corporis nobis molestias nobis. Quo ipsam cum vel quidem ipsum eaque porro sit consequuntur. Voluptatum aut suscipit doloribus inventore reprehenderit id alias assumenda qui. Ut qui nulla nam ut sequi. Porro tempore placeat quo molestias voluptatem voluptates debitis vel fugiat.,false,true,Michele21,Skylar_Cronin@gmail.com,Sapiente suscipit totam a repellendus.,21982
11,11912,3,Mon Feb 17 2020 22:47:18 GMT-0700 (Mountain Standard Time),Libero maxime nobis facilis earum id aspernatur iusto quod aut.,Placeat est nesciunt. Quas autem amet aut quia debitis totam doloremque. Quis ad neque. Nisi aspernatur praesentium quod dicta.,false,true,Cora58,Marcelo71@gmail.com,Iure magni delectus et autem modi dolores laudantium ad.,33661
12,41975,5,Tue Feb 18 2020 06:32:30 GMT-0700 (Mountain Standard Time),Ut nobis nemo.,Ut alias iusto non repellendus vel aut beatae. Quibusdam aperiam autem qui. Sed hic ea ea ut. Quibusdam nesciunt in odit autem rerum. Molestiae temporibus laborum corporis.,false,false,Aliza47,Angelina46@hotmail.com,Voluptatem sequi qui nemo voluptatem voluptates hic amet quasi pariatur.,95432
13,27387,4,Tue Feb 18 2020 07:16:27 GMT-0700 (Mountain Standard Time),Deleniti repellendus eos consectetur ut.,Officiis aut consequatur at corporis non in sapiente assumenda fuga. Quisquam sapiente quia. Non natus sit omnis nulla esse nisi et repellendus molestias. Reiciendis temporibus rem quia voluptatibus.,true,false,Raheem.Ferry78,Brianne_Hackett98@yahoo.com,Quasi sit est.,15324
14,50647,5,Mon Feb 17 2020 20:38:07 GMT-0700 (Mountain Standard Time),Voluptatem quo autem rerum commodi.,Et repellendus culpa doloribus officiis eligendi sapiente ullam. Officia quas perspiciatis corrupti non cupiditate. Dolorum quisquam provident ut dolores voluptas. Eum est quo et dicta quod voluptatibus repudiandae eaque necessitatibus. Ut autem fugiat consequuntur qui omnis harum.,true,true,Rocio97,Frederic.Ondricka@yahoo.com,Minus ad est deleniti quia totam dicta maxime.,92173
15,55661,1,Tue Feb 18 2020 10:45:18 GMT-0700 (Mountain Standard Time),Consectetur quia atque molestiae voluptas et non aut aut voluptatibus.,Facere fugit eveniet alias vel ipsum consequatur. Facilis dolorem illo quibusdam voluptas nihil. A voluptate labore. Hic natus ad ut et quis facilis ipsa.,false,false,Camren.Wunsch46,Josue.Christiansen88@gmail.com,Blanditiis voluptatem quo exercitationem optio quia autem aliquid qui.,28097
16,27528,2,Tue Feb 18 2020 06:59:48 GMT-0700 (Mountain Standard Time),Omnis pariatur reiciendis provident nobis est eos.,Voluptas iste veritatis officia facere. Numquam assumenda voluptas id. Libero aut id vitae ducimus odit in laborum velit. Eveniet molestias dolor porro. Nostrum voluptas totam est minima est animi.,false,false,Magali_Wiza41,Ted_Treutel@gmail.com,Sunt repellat velit.,9137
17,37025,3,Tue Feb 18 2020 01:04:35 GMT-0700 (Mountain Standard Time),Perspiciatis et et rerum natus nam ea et.,Reiciendis fuga nostrum quis voluptates modi harum vero. Sint officia eligendi natus. Nihil nihil voluptatem iusto veritatis. Voluptatibus commodi voluptatum qui quas.,false,false,Amara.Bernier54,Justice.Gerlach31@hotmail.com,Neque pariatur aut.,23937
18,50306,1,Tue Feb 18 2020 08:27:48 GMT-0700 (Mountain Standard Time),Est vel eos veritatis magni quo animi in.,Fugit nisi itaque incidunt praesentium perferendis consequatur mollitia atque. Soluta quo fugiat et nulla quae cum ex aut. Dolorem animi ut nulla atque assumenda. Molestias asperiores libero quam recusandae nihil quis.,true,false,Cleveland42,Justus_Swift64@gmail.com,Iusto et impedit corrupti voluptatem veritatis quia non quasi officiis.,81410
19,26167,2,Tue Feb 18 2020 06:54:58 GMT-0700 (Mountain Standard Time),Vero quam rerum et tenetur.,Nihil quia perspiciatis doloremque. Maiores et sit adipisci accusantium tempora. Eos est consequatur sequi quis sint sed aspernatur.,false,true,Edgardo_Upton,Alverta37@yahoo.com,Molestias qui itaque voluptatem odio earum tempore non molestiae tenetur.,40065
20,98455,5,Mon Feb 17 2020 13:23:46 GMT-0700 (Mountain Standard Time),Tenetur quia veniam.,Repellat sit dignissimos. Est recusandae vel. Ducimus deserunt praesentium. Et eum sint ipsam et recusandae impedit est et. Et veritatis aut.,true,false,Lorena17,Nicole_Ondricka99@yahoo.com,Id sit harum.,32592
21,40964,5,Tue Feb 18 2020 02:50:33 GMT-0700 (Mountain Standard Time),Nostrum rerum facere.,Et minus voluptate suscipit quos. Quam iusto eos qui qui dicta culpa aut ipsum quia. Id voluptatem quos amet inventore cupiditate illo ad voluptatem. Reiciendis non iusto mollitia repellat similique culpa.,true,false,Marcellus_Leannon67,Shanel_Mayert76@gmail.com,Amet temporibus quas.,45276
22,31080,2,Tue Feb 18 2020 05:14:06 GMT-0700 (Mountain Standard Time),Repellendus minus labore qui.,Ut repellendus id quia dolores praesentium corrupti quibusdam culpa provident. Tempora tempore quia quo exercitationem dolorem magni non temporibus. Quis dolorum iusto autem qui odit nobis vero. Qui vel qui ut enim voluptatem vero.,true,true,Vincenza.Gottlieb99,Sigurd59@yahoo.com,Quis non quam laboriosam iusto sequi.,29291
23,45455,3,Mon Feb 17 2020 20:41:22 GMT-0700 (Mountain Standard Time),Alias ut doloribus neque occaecati nihil.,Et saepe voluptas eius sit illo optio sit quas. Fuga ea veritatis sapiente sed aperiam cupiditate unde aut. Fugiat dolor asperiores amet atque eos doloribus adipisci suscipit porro. Earum eum ea vel officia voluptate qui fuga.,true,false,Bryon6,Penelope_Metz@gmail.com,Error et neque quibusdam eveniet ea laborum tenetur.,36324
24,42539,4,Tue Feb 18 2020 04:06:40 GMT-0700 (Mountain Standard Time),Odio aspernatur fugiat id voluptatum praesentium.,Facere numquam ducimus similique nam. Asperiores facere inventore ea maiores eius asperiores quaerat similique neque. Ut officiis temporibus cum dolorem rerum.,false,false,Ewald_Brakus,Dallin_Dare25@gmail.com,Corporis exercitationem fuga voluptatem consequuntur repellendus impedit.,64017
25,65441,5,Tue Feb 18 2020 09:17:28 GMT-0700 (Mountain Standard Time),Placeat accusantium vel temporibus optio exercitationem corporis est dolorem molestiae.,Ducimus enim iusto consectetur explicabo saepe amet. Tempore atque sit a debitis. Quam vel quidem esse vel modi et. Voluptate soluta quas asperiores nihil labore veniam delectus.,true,true,Lexus.Gislason,Nikko.Rau35@gmail.com,Iusto voluptas molestiae velit.,65897
26,89439,3,Tue Feb 18 2020 01:49:02 GMT-0700 (Mountain Standard Time),Nam totam vel fuga nobis.,Illo sed consectetur quae est. Id omnis et doloribus et facilis ea accusamus. Id architecto velit. Id dolores dolorem accusantium distinctio quo. Tempora sequi in dicta eligendi id excepturi qui non autem.,false,true,Valentina_Schamberger,Allene10@hotmail.com,Et repellat ex.,39994
27,50211,1,Tue Feb 18 2020 07:23:28 GMT-0700 (Mountain Standard Time),Et necessitatibus tempore illum nihil voluptatem excepturi eos.,Laborum autem quibusdam nesciunt inventore officiis ex repellat. Reprehenderit et dolorem iure. Non illo quod quo voluptatem doloribus. Velit est voluptas eveniet nihil necessitatibus. Ut ut possimus quia libero mollitia aspernatur.,false,true,Audrey9,Shawn.Howe99@hotmail.com,Libero voluptate occaecati aperiam maiores et in sequi et praesentium.,20917
28,97886,1,Mon Feb 17 2020 22:27:44 GMT-0700 (Mountain Standard Time),Magnam et incidunt praesentium temporibus rerum.,Labore ut voluptatum occaecati minima dicta soluta. Ipsa voluptate illo. Nihil fuga ut voluptas fugiat ut ut consequuntur. Ut tenetur tenetur dolorem a veniam ad beatae autem cupiditate.,true,false,Ora_Volkman,Domenico.Armstrong@hotmail.com,Omnis non rem ut quod quia qui fugit.,24656
29,76102,5,Tue Feb 18 2020 08:59:46 GMT-0700 (Mountain Standard Time),Et est vel.,Sapiente tempora nemo qui. Minus veniam qui incidunt minus maiores ullam velit. Deserunt reiciendis aliquam aspernatur quis eum sed non repellendus eaque. Amet vel enim consequatur consequatur omnis nesciunt.,false,false,Wilfredo85,Ramiro.Beahan76@gmail.com,Qui cupiditate iusto odit perferendis unde consectetur eum.,30960
30,93791,5,Mon Feb 17 2020 16:53:49 GMT-0700 (Mountain Standard Time),Odio nemo laboriosam.,Et quos voluptates natus a consequatur laborum vitae voluptatibus deserunt. Aut quis consequatur ut voluptatem suscipit et. Sed eius incidunt qui dolor. Est sit porro omnis incidunt.,true,true,Kennedy_Lesch53,Angelo.Ferry62@gmail.com,Ut fuga cum in fugit quo earum quidem.,37289
31,60762,4,Tue Feb 18 2020 00:56:11 GMT-0700 (Mountain Standard Time),Soluta voluptate quas nisi est.,Sunt sint placeat dolores rerum modi mollitia deserunt sit. Rem tempora molestiae et blanditiis. Ut aut quis est sed tempore qui autem. Nihil et in reprehenderit iste iure aut unde. Necessitatibus porro eum vel.,false,false,Estevan.Tromp82,Lawson_Witting19@gmail.com,Odio dolore totam mollitia ut quam non.,84604
32,34843,2,Mon Feb 17 2020 15:38:20 GMT-0700 (Mountain Standard Time),Quidem sint aut neque nobis tempore quae voluptatem.,Voluptatibus debitis qui error iste labore omnis blanditiis enim minus. Et excepturi quod expedita quod et cupiditate dolor. Ipsa ex rem nesciunt ab.,true,true,Armani33,Edgardo.Willms90@hotmail.com,Rem dolorum ab est eos explicabo porro perspiciatis velit neque.,98058
33,46481,3,Mon Feb 17 2020 21:10:35 GMT-0700 (Mountain Standard Time),Quia eligendi quo et ipsa qui quos et.,Eveniet ab aspernatur est placeat aut voluptas sunt consequuntur. Est dolor rem cupiditate blanditiis fuga et eos iste placeat. Tempora ab aut eligendi est in rerum laborum.,false,false,Jed87,Jett36@hotmail.com,Earum repudiandae doloribus magnam.,52467
34,90176,5,Mon Feb 17 2020 14:00:47 GMT-0700 (Mountain Standard Time),Inventore reprehenderit ipsam est dicta.,Eos repellat similique et. Omnis sed alias consequatur atque reprehenderit voluptate quia. Rerum porro quam consequatur exercitationem. Quam vel veritatis non et.,true,false,Jadon_Cole24,Myrtice.Jacobs25@yahoo.com,Molestiae rem repudiandae.,68655
35,20652,3,Tue Feb 18 2020 07:29:43 GMT-0700 (Mountain Standard Time),Consequuntur natus in autem dolorum perferendis et quis.,Laudantium occaecati in tenetur provident. Tenetur quis exercitationem veniam placeat optio veritatis sapiente. Sed accusamus consectetur ad animi quasi illo. At nobis quia blanditiis neque aut qui. Eveniet earum vel autem laboriosam.,false,false,Kavon.Wilderman,Deondre.Adams@yahoo.com,Nisi magni a similique ratione.,54198
36,73099,4,Tue Feb 18 2020 02:38:57 GMT-0700 (Mountain Standard Time),Temporibus et earum in alias et sint perspiciatis.,Rem voluptas ducimus sit aperiam hic sunt est qui. Quasi nemo quod sit commodi libero. Tenetur et voluptas mollitia. Quo occaecati nostrum consequuntur. Minima explicabo deleniti enim nostrum corporis.,true,false,Esmeralda_Stracke83,Damien.Stark@yahoo.com,Quia eos pariatur voluptatem.,65665
37,27739,3,Mon Feb 17 2020 12:11:35 GMT-0700 (Mountain Standard Time),Quia soluta eos est.,Ipsa molestiae ut reprehenderit et repudiandae architecto explicabo atque dicta. Eveniet atque molestias facilis. Ut ipsa et dolores iure ipsam debitis neque et magnam. Neque est eveniet. Enim praesentium ut fugit ad consectetur.,true,false,Christiana_Sporer,Emilie63@gmail.com,Fugit et blanditiis minima.,37005
38,28084,3,Tue Feb 18 2020 03:57:12 GMT-0700 (Mountain Standard Time),Voluptas tenetur ut ipsa.,Aperiam blanditiis qui sit. Perspiciatis architecto qui repudiandae voluptas ut est fugit. Mollitia possimus ea repudiandae qui laudantium. Hic cupiditate voluptatibus sit. Voluptatem eos ut nam iure dolore dolor consectetur in. Temporibus nisi accusantium repudiandae possimus dolorem et cupiditate exercitationem quisquam.,true,false,Bettye.Metz,Mose_Toy@hotmail.com,Quae et voluptatum.,92676
39,41174,3,Tue Feb 18 2020 02:35:19 GMT-0700 (Mountain Standard Time),Dolorem quia quam quisquam nisi ad ducimus suscipit sunt et.,Tempora dignissimos ab accusamus officiis quam. Perferendis ratione sed. Eos nihil maiores magni consequatur sapiente eos et natus repudiandae.,false,false,Jarrett.Berge,Hayden_Bartell84@gmail.com,Illo dolorem minus quisquam nam dolores.,29055
40,50995,4,Mon Feb 17 2020 12:10:14 GMT-0700 (Mountain Standard Time),Et perspiciatis et dicta non perferendis quibusdam.,Cumque sit quod quo esse excepturi non non impedit. Qui amet dolor quibusdam et quae. Magni ea dolor aperiam asperiores et illum. Iure sed maxime voluptatem maiores non. Repellat quam voluptas laudantium occaecati ullam. Quaerat placeat quis architecto.,true,true,Miles10,Roma.Hoppe75@hotmail.com,Id enim et voluptas aliquid voluptatem rem.,80916
41,20584,2,Tue Feb 18 2020 01:17:01 GMT-0700 (Mountain Standard Time),Quia consequatur eius nesciunt.,Libero aut accusantium incidunt quis voluptatum qui. Nemo accusamus numquam aperiam dolores laudantium quia libero impedit mollitia. Ut voluptas aut numquam inventore dolor enim. Omnis earum doloribus consequatur et temporibus et sit officia animi. Aut porro qui dolorem veniam culpa inventore.,false,true,Pete_Windler,Yazmin_Grimes51@gmail.com,Hic et aperiam nam expedita enim qui est.,23393
